{
  "scenario_count": 24,
  "annual_days": 360,
  "scenario_days": 15,
  "production_levels_t_per_day": [
    36,
    45,
    54,
    63,
    72
  ],
  "expanded_capacity": {
    "alk_MW": 20.0,
    "pem_MW": 20.0,
    "nh3_MW": 1.5,
    "nh3_tph": 3.0
  },
  "typical_best": {
    "scenario_id": "typical",
    "target_NH3_t_per_day": 36.0,
    "on_hours": 12,
    "on_hour_list": "0 1 2 3 4 5 6 9 11 12 14 23",
    "E_wind_MWh": 245.048,
    "E_pv_MWh": 358.4,
    "E_re_MWh": 603.448,
    "E_buy_MWh": 225.3022,
    "E_sell_MWh": 270.0302,
    "E_self_MWh": 333.4178,
    "E_total_MWh": 828.7502,
    "E_use_MWh": 558.72,
    "E_load_MWh": 60.72,
    "E_alk_MWh": 240.0,
    "E_pem_MWh": 240.0,
    "E_nh3_MWh": 18.0,
    "self_use_ratio": 0.552521,
    "green_ratio": 0.402314,
    "green_internal_use_ratio": 0.596753,
    "sell_ratio": 0.447479,
    "daily_cost_yuan": 220278.006613,
    "daily_nh3_fixed_capex_yuan": 3333.333333,
    "daily_sell_revenue_yuan": 102044.41258,
    "daily_net_cost_yuan": 118233.594033,
    "unit_cost_yuan_per_t": 3284.266501,
    "device_utilization": 0.5,
    "indicator_class": "partly_satisfied"
  },
  "typical_by_production": {
    "72": {
      "scenario_id": "typical",
      "target_NH3_t_per_day": 72.0,
      "on_hours": 24,
      "on_hour_list": "0 1 2 3 4 5 6 7 8 9 10 11 12 13 14 15 16 17 18 19 20 21 22 23",
      "E_wind_MWh": 245.048,
      "E_pv_MWh": 358.4,
      "E_re_MWh": 603.448,
      "E_buy_MWh": 493.9522,
      "E_sell_MWh": 40.6802,
      "E_self_MWh": 562.7678,
      "E_total_MWh": 1097.4002,
      "E_use_MWh": 1056.72,
      "E_load_MWh": 60.72,
      "E_alk_MWh": 480.0,
      "E_pem_MWh": 480.0,
      "E_nh3_MWh": 36.0,
      "self_use_ratio": 0.932587,
      "green_ratio": 0.512819,
      "green_internal_use_ratio": 0.532561,
      "sell_ratio": 0.067413,
      "daily_cost_yuan": 466484.427613,
      "daily_nh3_fixed_capex_yuan": 3333.333333,
      "daily_sell_revenue_yuan": 15373.04758,
      "daily_net_cost_yuan": 451111.380033,
      "unit_cost_yuan_per_t": 6265.435834,
      "device_utilization": 1.0,
      "indicator_class": "all_satisfied"
    },
    "63": {
      "scenario_id": "typical",
      "target_NH3_t_per_day": 63.0,
      "on_hours": 21,
      "on_hour_list": "0 1 2 3 4 5 6 7 8 9 10 11 12 13 14 15 16 17 21 22 23",
      "E_wind_MWh": 245.048,
      "E_pv_MWh": 358.4,
      "E_re_MWh": 603.448,
      "E_buy_MWh": 376.0424,
      "E_sell_MWh": 47.2704,
      "E_self_MWh": 556.1776,
      "E_total_MWh": 979.4904,
      "E_use_MWh": 932.22,
      "E_load_MWh": 60.72,
      "E_alk_MWh": 420.0,
      "E_pem_MWh": 420.0,
      "E_nh3_MWh": 31.5,
      "self_use_ratio": 0.921666,
      "green_ratio": 0.567823,
      "green_internal_use_ratio": 0.596616,
      "sell_ratio": 0.078334,
      "daily_cost_yuan": 356864.604093,
      "daily_nh3_fixed_capex_yuan": 3333.333333,
      "daily_sell_revenue_yuan": 17863.48416,
      "daily_net_cost_yuan": 339001.119933,
      "unit_cost_yuan_per_t": 5380.970158,
      "device_utilization": 0.875,
      "indicator_class": "all_satisfied"
    },
    "54": {
      "scenario_id": "typical",
      "target_NH3_t_per_day": 54.0,
      "on_hours": 18,
      "on_hour_list": "0 1 2 3 4 5 6 7 8 9 10 11 12 13 14 15 16 23",
      "E_wind_MWh": 245.048,
      "E_pv_MWh": 358.4,
      "E_re_MWh": 603.448,
      "E_buy_MWh": 264.1404,
      "E_sell_MWh": 59.8684,
      "E_self_MWh": 543.5796,
      "E_total_MWh": 867.5884,
      "E_use_MWh": 807.72,
      "E_load_MWh": 60.72,
      "E_alk_MWh": 360.0,
      "E_pem_MWh": 360.0,
      "E_nh3_MWh": 27.0,
      "self_use_ratio": 0.900789,
      "green_ratio": 0.626541,
      "green_internal_use_ratio": 0.67298,
      "sell_ratio": 0.099211,
      "daily_cost_yuan": 273886.329293,
      "daily_nh3_fixed_capex_yuan": 3333.333333,
      "daily_sell_revenue_yuan": 22624.26836,
      "daily_net_cost_yuan": 251262.060933,
      "unit_cost_yuan_per_t": 4653.001128,
      "device_utilization": 0.75,
      "indicator_class": "all_satisfied"
    },
    "45": {
      "scenario_id": "typical",
      "target_NH3_t_per_day": 45.0,
      "on_hours": 15,
      "on_hour_list": "0 1 2 3 4 5 6 8 9 10 11 12 13 14 23",
      "E_wind_MWh": 245.048,
      "E_pv_MWh": 358.4,
      "E_re_MWh": 603.448,
      "E_buy_MWh": 227.684,
      "E_sell_MWh": 147.912,
      "E_self_MWh": 455.536,
      "E_total_MWh": 831.132,
      "E_use_MWh": 683.22,
      "E_load_MWh": 60.72,
      "E_alk_MWh": 300.0,
      "E_pem_MWh": 300.0,
      "E_nh3_MWh": 22.5,
      "self_use_ratio": 0.754889,
      "green_ratio": 0.548091,
      "green_internal_use_ratio": 0.666749,
      "sell_ratio": 0.245111,
      "daily_cost_yuan": 236733.711933,
      "daily_nh3_fixed_capex_yuan": 3333.333333,
      "daily_sell_revenue_yuan": 55895.9448,
      "daily_net_cost_yuan": 180837.767133,
      "unit_cost_yuan_per_t": 4018.617047,
      "device_utilization": 0.625,
      "indicator_class": "partly_satisfied"
    },
    "36": {
      "scenario_id": "typical",
      "target_NH3_t_per_day": 36.0,
      "on_hours": 12,
      "on_hour_list": "0 1 2 3 4 5 6 9 11 12 14 23",
      "E_wind_MWh": 245.048,
      "E_pv_MWh": 358.4,
      "E_re_MWh": 603.448,
      "E_buy_MWh": 225.3022,
      "E_sell_MWh": 270.0302,
      "E_self_MWh": 333.4178,
      "E_total_MWh": 828.7502,
      "E_use_MWh": 558.72,
      "E_load_MWh": 60.72,
      "E_alk_MWh": 240.0,
      "E_pem_MWh": 240.0,
      "E_nh3_MWh": 18.0,
      "self_use_ratio": 0.552521,
      "green_ratio": 0.402314,
      "green_internal_use_ratio": 0.596753,
      "sell_ratio": 0.447479,
      "daily_cost_yuan": 220278.006613,
      "daily_nh3_fixed_capex_yuan": 3333.333333,
      "daily_sell_revenue_yuan": 102044.41258,
      "daily_net_cost_yuan": 118233.594033,
      "unit_cost_yuan_per_t": 3284.266501,
      "device_utilization": 0.5,
      "indicator_class": "partly_satisfied"
    }
  },
  "scenario_best_by_production": {
    "72": {
      "scenario_id": "W4_P1",
      "target_NH3_t_per_day": 72.0,
      "on_hours": 24,
      "on_hour_list": "0 1 2 3 4 5 6 7 8 9 10 11 12 13 14 15 16 17 18 19 20 21 22 23",
      "E_wind_MWh": 367.484,
      "E_pv_MWh": 509.44,
      "E_re_MWh": 876.924,
      "E_buy_MWh": 353.502,
      "E_sell_MWh": 173.706,
      "E_self_MWh": 703.218,
      "E_total_MWh": 1230.426,
      "E_use_MWh": 1056.72,
      "E_load_MWh": 60.72,
      "E_alk_MWh": 480.0,
      "E_pem_MWh": 480.0,
      "E_nh3_MWh": 36.0,
      "self_use_ratio": 0.801914,
      "green_ratio": 0.571524,
      "green_internal_use_ratio": 0.665472,
      "sell_ratio": 0.198086,
      "daily_cost_yuan": 421078.456133,
      "daily_nh3_fixed_capex_yuan": 3333.333333,
      "daily_sell_revenue_yuan": 65643.4974,
      "daily_net_cost_yuan": 355434.958733,
      "unit_cost_yuan_per_t": 4936.596649,
      "device_utilization": 1.0,
      "indicator_class": "all_satisfied"
    },
    "63": {
      "scenario_id": "W4_P1",
      "target_NH3_t_per_day": 63.0,
      "on_hours": 21,
      "on_hour_list": "0 1 2 3 4 5 6 7 8 9 10 11 12 13 14 15 16 17 18 22 23",
      "E_wind_MWh": 367.484,
      "E_pv_MWh": 509.44,
      "E_re_MWh": 876.924,
      "E_buy_MWh": 246.832,
      "E_sell_MWh": 191.536,
      "E_self_MWh": 685.388,
      "E_total_MWh": 1123.756,
      "E_use_MWh": 932.22,
      "E_load_MWh": 60.72,
      "E_alk_MWh": 420.0,
      "E_pem_MWh": 420.0,
      "E_nh3_MWh": 31.5,
      "self_use_ratio": 0.781582,
      "green_ratio": 0.609908,
      "green_internal_use_ratio": 0.735221,
      "sell_ratio": 0.218418,
      "daily_cost_yuan": 327870.717133,
      "daily_nh3_fixed_capex_yuan": 3333.333333,
      "daily_sell_revenue_yuan": 72381.4544,
      "daily_net_cost_yuan": 255489.262733,
      "unit_cost_yuan_per_t": 4055.385123,
      "device_utilization": 0.875,
      "indicator_class": "partly_satisfied"
    },
    "54": {
      "scenario_id": "W4_P1",
      "target_NH3_t_per_day": 54.0,
      "on_hours": 18,