scenario_id,target_NH3_t_per_day,on_hours,on_hour_list,E_wind_MWh,E_pv_MWh,E_re_MWh,E_buy_MWh,E_sell_MWh,E_self_MWh,E_total_MWh,E_use_MWh,E_load_MWh,E_alk_MWh,E_pem_MWh,E_nh3_MWh,self_use_ratio,green_ratio,green_internal_use_ratio,sell_ratio,daily_cost_yuan,daily_nh3_fixed_capex_yuan,daily_sell_revenue_yuan,daily_net_cost_yuan,unit_cost_yuan_per_t,device_utilization,indicator_class
typical,72.0,24,0 1 2 3 4 5 6 7 8 9 10 11 12 13 14 15 16 17 18 19 20 21 22 23,245.048,358.4,603.448,493.9522,40.6802,562.7678,1097.4002,1056.72,60.72,480.0,480.0,36.0,0.932587,0.512819,0.532561,0.067413,466484.427613,3333.333333,15373.04758,451111.380033,6265.435834,1.0,all_satisfied
typical,63.0,21,0 1 2 3 4 5 6 7 8 9 10 11 12 13 14 15 16 17 21 22 23,245.048,358.4,603.448,376.0424,47.2704,556.1776,979.4904,932.22,60.72,420.0,420.0,31.5,0.921666,0.567823,0.596616,0.078334,356864.604093,3333.333333,17863.48416,339001.119933,5380.970158,0.875,all_satisfied
typical,54.0,18,0 1 2 3 4 5 6 7 8 9 10 11 12 13 14 15 16 23,245.048,358.4,603.448,264.1404,59.8684,543.5796,867.5884,807.72,60.72,360.0,360.0,27.0,0.900789,0.626541,0.67298,0.099211,273886.329293,3333.333333,22624.26836,251262.060933,4653.001128,0.75,all_satisfied
typical,45.0,15,0 1 2 3 4 5 6 8 9 10 11 12 13 14 23,245.048,358.4,603.448,227.684,147.912,455.536,831.132,683.22,60.72,300.0,300.0,22.5,0.754889,0.548091,0.666749,0.245111,236733.711933,3333.333333,55895.9448,180837.767133,4018.617047,0.625,partly_satisfied
typical,36.0,12,0 1 2 3 4 5 6 9 11 12 14 23,245.048,358.4,603.448,225.3022,270.0302,333.4178,828.7502,558.72,60.72,240.0,240.0,18.0,0.552521,0.402314,0.596753,0.447479,220278.006613,3333.333333,102044.41258,118233.594033,3284.266501,0.5,partly_satisfied
